Date,Location,Attendance,name,link
"July 25, 2020","Abu Dhabi, Abu Dhabi, United Arab Emirates",0,UFC Fight Night: Whittaker vs. Till,http://www.ufcstats.com/event-details/dde70a112e053a6c
"July 18, 2020","Abu Dhabi, Abu Dhabi, United Arab Emirates",0,UFC Fight Night: Figueiredo vs. Benavidez 2,http://www.ufcstats.com/event-details/ddbd0d6259ce57cc
"July 15, 2020","Abu Dhabi, Abu Dhabi, United Arab Emirates",0,UFC Fight Night: Kattar vs. Ige,http://www.ufcstats.com/event-details/18f5669a92e99d92
"July 11, 2020","Abu Dhabi, Abu Dhabi, United Arab Emirates",0,UFC 251: Usman vs. Masvidal,http://www.ufcstats.com/event-details/dbd198f780286aca
"June 27, 2020","Las Vegas, Nevada, USA",0,UFC Fight Night: Poirier vs. Hooker,http://www.ufcstats.com/event-details/c32eab6c2119e989
"June 20, 2020","Las Vegas, Nevada, USA",0,UFC Fight Night: Blaydes vs. Volkov,http://www.ufcstats.com/event-details/2eab7a6c8b0ed8cc
"June 13, 2020","Las Vegas, Nevada, USA",0,UFC Fight Night: Eye vs. Calvillo,http://www.ufcstats.com/event-details/1e13936d708bcff7
"June 06, 2020","Las Vegas, Nevada, USA",0,UFC 250: Nunes vs. Spencer,http://www.ufcstats.com/event-details/4c12aa7ca246e7a4
"May 30, 2020","Las Vegas, Nevada, USA",0,UFC Fight Night: Woodley vs. Burns,http://www.ufcstats.com/event-details/14b9e0f2679a2205
"May 16, 2020","Jacksonville, Florida, USA",0,UFC Fight Night: Overeem vs. Harris,http://www.ufcstats.com/event-details/dfb965c9824425db
"May 13, 2020","Jacksonville, Florida, USA",0,UFC Fight Night: Smith vs. Teixeira,http://www.ufcstats.com/event-details/5f8e00c27b7e7410
"May 09, 2020","Jacksonville, Florida, USA",0,UFC 249: Ferguson vs. Gaethje,http://www.ufcstats.com/event-details/898337ef520fe4d3
"March 14, 2020","Brasilia, Distrito Federal, Brazil",0,UFC Fight Night: Lee vs. Oliveira,http://www.ufcstats.com/event-details/53278852bcd91e11
"March 07, 2020","Las Vegas, Nevada, USA","15,077",UFC 248: Adesanya vs. Romero,http://www.ufcstats.com/event-details/0b5b6876c2a4723f
"February 29, 2020","Norfolk, Virginia, USA","7,098",UFC Fight Night: Benavidez vs. Figueiredo,http://www.ufcstats.com/event-details/fc9a9559a05f2704
"February 22, 2020","Auckland, New Zealand","10,025",UFC Fight Night: Felder vs. Hooker,http://www.ufcstats.com/event-details/33b2f68ef95252e0
"February 15, 2020","Rio Rancho, New Mexico, USA","6,449",UFC Fight Night: Anderson vs. Blachowicz,http://www.ufcstats.com/event-details/5df17b3620145578
"February 08, 2020","Houston, Texas, USA","17,401",UFC 247: Jones vs. Reyes,http://www.ufcstats.com/event-details/b26d3e3746fb4024
"January 25, 2020","Raleigh, North Carolina, USA","14,533",UFC Fight Night: Blaydes vs. Dos Santos,http://www.ufcstats.com/event-details/44aa652b181bcf68
"January 18, 2020","Las Vegas, Nevada, USA","19,040",UFC 246: McGregor vs. Cowboy,http://www.ufcstats.com/event-details/0c1773639c795466
"December 21, 2019","Busan, South Korea","10,651",UFC Fight Night: Edgar vs. The Korean Zombie,http://www.ufcstats.com/event-details/74fefd43f073cd2f
"December 14, 2019","Las Vegas, Nevada, USA","16,811",UFC 245: Usman vs. Covington,http://www.ufcstats.com/event-details/4565d435005319c0
"December 07, 2019","Washington, DC, USA","10,816",UFC Fight Night: Overeem vs. Rozenstruik,http://www.ufcstats.com/event-details/b09890ba7ce1d1e2
"November 16, 2019","Sao Paulo, Sao Paulo, Brazil","10,344",UFC Fight Night: Blachowicz vs. Jacare,http://www.ufcstats.com/event-details/81ca2c245b19b3c5
"November 09, 2019","Moscow, Moscow, Russia","11,305",UFC Fight Night: Zabit vs. Kattar,http://www.ufcstats.com/event-details/8d5daf67983b65ba
"November 02, 2019","New York City, New York, USA","20,143",UFC 244: Masvidal vs. Diaz,http://www.ufcstats.com/event-details/fd87b1bbfcde9d5e
"October 26, 2019","Kallang, Singapore","7,155",UFC Fight Night: Maia vs. Askren,http://www.ufcstats.com/event-details/df05aa15b2d66f57
"October 18, 2019","Boston, Massachusetts, USA","12,066",UFC Fight Night: Reyes vs. Weidman,http://www.ufcstats.com/event-details/3ae10ac4df3df05c
"October 12, 2019","Tampa, Florida, USA","10,597",UFC Fight Night: Joanna vs. Waterson,http://www.ufcstats.com/event-details/0941df56f6ac954b
"October 05, 2019","Melbourne, Victoria, Australia","57,127",UFC 243: Whittaker vs. Adesanya,http://www.ufcstats.com/event-details/3cf68c1d17f66af7
"September 28, 2019","Copenhagen, Denmark","12,767",UFC Fight Night: Hermansson vs. Cannonier,http://www.ufcstats.com/event-details/1bf49bf829964144
"September 21, 2019","Mexico City, Distrito Federal, Mexico","10,112",UFC Fight Night: Rodriguez vs. Stephens,http://www.ufcstats.com/event-details/94a5aaf573f780ad
"September 14, 2019","Vancouver, British Columbia, Canada","15,114",UFC Fight Night: Cowboy vs. Gaethje,http://www.ufcstats.com/event-details/4834ff149dc9542a
"September 07, 2019","Abu Dhabi, Abu Dhabi, United Arab Emirates",,UFC 242: Khabib vs. Poirier,http://www.ufcstats.com/event-details/a79bfbc01b2264d6
"August 31, 2019","Shenzhen, Guangdong, China",,UFC Fight Night: Andrade vs. Zhang,http://www.ufcstats.com/event-details/2c104b7e59a72629
"August 17, 2019","Anaheim, California, USA","17,304",UFC 241: Cormier vs. Miocic 2,http://www.ufcstats.com/event-details/70167689d6a01793
"August 10, 2019","Montevideo, Uruguay","9,225",UFC Fight Night: Shevchenko vs. Carmouche 2,http://www.ufcstats.com/event-details/e5d03e4d966126bd
"August 03, 2019","Newark, New Jersey, USA","10,427",UFC Fight Night: Covington vs. Lawler,http://www.ufcstats.com/event-details/03da33a102d9a45f
"July 27, 2019","Edmonton, Alberta, Canada","12,144",UFC 240: Holloway vs. Edgar,http://www.ufcstats.com/event-details/abcf7e55a0a9ed89
"July 20, 2019","San Antonio, Texas, USA","9,255",UFC Fight Night: Dos Anjos vs. Edwards,http://www.ufcstats.com/event-details/9e0f28d1f639ad73
"July 13, 2019","Sacramento, California, USA","10,306",UFC Fight Night: De Randamie vs. Ladd,http://www.ufcstats.com/event-details/2f8f3c69522db931
"July 06, 2019","Las Vegas, Nevada, USA","18,358",UFC 239: Jones vs. Santos,http://www.ufcstats.com/event-details/6c9383ffab2725a5
"June 29, 2019","Minneapolis, Minnesota, USA","10,123",UFC Fight Night: Ngannou vs. Dos Santos,http://www.ufcstats.com/event-details/c0c1bc0766df4c00
"June 22, 2019","Greenville, South Carolina, USA","7,682",UFC Fight Night: Moicano vs. The Korean Zombie,http://www.ufcstats.com/event-details/b16a7e6a627e9789
"June 08, 2019","Chicago, Illinois, USA","18,177",UFC 238: Cejudo vs. Moraes,http://www.ufcstats.com/event-details/e31502e3f79d00c5
"June 01, 2019","Stockholm, Sweden","14,319",UFC Fight Night: Gustafsson vs. Smith,http://www.ufcstats.com/event-details/cbc071cb20ea59c7
"May 18, 2019","Rochester, New York, USA","8,132",UFC Fight Night: Dos Anjos vs. Lee,http://www.ufcstats.com/event-details/6b8f28da9a483049
"May 11, 2019","Rio de Janeiro, Rio de Janeiro, Brazil","15,193",UFC 237: Namajunas vs. Andrade,http://www.ufcstats.com/event-details/9de7c97e1c0d7927
"May 04, 2019","Ottawa, Ontario, Canada","10,960",UFC Fight Night: Iaquinta vs. Cowboy,http://www.ufcstats.com/event-details/351264d11286d09a
"April 27, 2019","Sunrise, Florida, USA","12,754",UFC Fight Night: Jacare vs. Hermansson,http://www.ufcstats.com/event-details/c912f676692c353a
"April 20, 2019","Saint Petersburg, Saint Petersburg, Russia","7,326",UFC Fight Night: Overeem vs. Oleinik,http://www.ufcstats.com/event-details/7dcf06c1967801c1
"April 13, 2019","Atlanta, Georgia, USA","14,297",UFC 236: Holloway vs. Poirier 2,http://www.ufcstats.com/event-details/b0550072e5f0afa7
"March 30, 2019","Philadelphia, Pennsylvania, USA","11,123",UFC Fight Night: Barboza vs. Gaethje,http://www.ufcstats.com/event-details/9649d75defe0dedb
"March 23, 2019","Nashville, Tennessee, USA","10,863",UFC Fight Night: Thompson vs. Pettis,http://www.ufcstats.com/event-details/487c170da059857d
"March 16, 2019","London, England, United Kingdom","16,602",UFC Fight Night: Till vs. Masvidal,http://www.ufcstats.com/event-details/80eacd4da0617c57
"March 09, 2019","Wichita, Kansas, USA","7,265",UFC Fight Night: Lewis vs. Dos Santos,http://www.ufcstats.com/event-details/e96d8538d3f9d0ed
"March 02, 2019","Las Vegas, Nevada, USA","14,790",UFC 235: Jones vs. Smith,http://www.ufcstats.com/event-details/2d5fbe2103f97053
"February 23, 2019","Prague, Czech Republic","16,583",UFC Fight Night: Blachowicz vs. Santos,http://www.ufcstats.com/event-details/6546af7ab545b90c
"February 17, 2019","Phoenix, Arizona, USA","14,269",UFC Fight Night: Ngannou vs. Velasquez,http://www.ufcstats.com/event-details/a7a79b8efbceaaac
"February 09, 2019","Melbourne, Victoria, Australia","15,238",UFC 234: Adesanya vs. Silva,http://www.ufcstats.com/event-details/b5882371e2a3900d
"February 02, 2019","Fortaleza, Ceara, Brazil","10,040",UFC Fight Night: Assuncao vs. Moraes 2,http://www.ufcstats.com/event-details/84283233ec42be5f
"January 19, 2019","Brooklyn, New York, USA","12,152",UFC Fight Night: Cejudo vs. Dillashaw,http://www.ufcstats.com/event-details/d4da8995fc91e7ef
"December 29, 2018","Los Angeles, California, USA","15,862",UFC 232: Jones vs. Gustafsson 2,http://www.ufcstats.com/event-details/c046100aea0dba9a
"December 15, 2018","Milwaukee, Wisconsin, USA","9,010",UFC Fight Night: Lee vs. Iaquinta,http://www.ufcstats.com/event-details/7a703c565ccaa18f
"December 08, 2018","Toronto, Ontario, Canada","19,039",UFC 231: Holloway vs. Ortega,http://www.ufcstats.com/event-details/2a74bbba57058f12
"December 01, 2018","Adelaide, South Australia, Australia","8,652",UFC Fight Night: Dos Santos vs. Tuivasa,http://www.ufcstats.com/event-details/d1d20e651e6cbc02
"November 30, 2018","Las Vegas, Nevada, USA","2,020",The Ultimate Fighter: Heavy Hitters Finale,http://www.ufcstats.com/event-details/c7ac79839e86ce33
"November 24, 2018","Beijing, China","10,302",UFC Fight Night: Blaydes vs. Ngannou 2,http://www.ufcstats.com/event-details/de25520d54eab12d
"November 17, 2018","Buenos Aires, Buenos Aires, Argentina","10,245",UFC Fight Night: Magny vs. Ponzinibbio,http://www.ufcstats.com/event-details/aa3153a9941b4d44
"November 10, 2018","Denver, Colorado, USA","11,426",UFC Fight Night: Korean Zombie vs. Rodriguez,http://www.ufcstats.com/event-details/42c96a9c4802e2e1
"November 03, 2018","New York City, New York, USA","17,011",UFC 230: Cormier vs. Lewis,http://www.ufcstats.com/event-details/20821819c401ced8
"October 27, 2018","Moncton, New Brunswick, Canada","6,282",UFC Fight Night: Oezdemir vs. Smith,http://www.ufcstats.com/event-details/33a331684283900f
"October 06, 2018","Las Vegas, Nevada, USA","20,034",UFC 229: Khabib vs. McGregor,http://www.ufcstats.com/event-details/1ef0eae31904e534
"September 22, 2018","Sao Paulo, Sao Paulo, Brazil","9,485",UFC Fight Night: Marreta vs. Anders,http://www.ufcstats.com/event-details/852454c572675334
"September 15, 2018","Moscow, Moscow, Russia","22,603",UFC Fight Night: Hunt vs. Oleinik,http://www.ufcstats.com/event-details/8d49545dadf9b919
"September 08, 2018","Dallas, Texas, USA","14,073",UFC 228: Woodley vs. Till,http://www.ufcstats.com/event-details/d5ae8074631762fc
"August 25, 2018","Lincoln, Nebraska, USA","6,409",UFC Fight Night: Gaethje vs. Vick,http://www.ufcstats.com/event-details/c0342805a1948cbb
"August 04, 2018","Los Angeles, California, USA","17,794",UFC 227: Dillashaw vs. Garbrandt 2,http://www.ufcstats.com/event-details/03b1e846b09f721d
"July 28, 2018","Calgary, Alberta, Canada","10,603",UFC Fight Night: Alvarez vs. Poirier 2,http://www.ufcstats.com/event-details/322a56923b396b4d
"July 22, 2018","Hamburg, Hamburg, Germany","7,798",UFC Fight Night: Shogun vs. Smith,http://www.ufcstats.com/event-details/4f732e58ed907eff
"July 14, 2018","Boise, Idaho, USA","5,648",UFC Fight Night: Dos Santos vs. Ivanov,http://www.ufcstats.com/event-details/b45d6b73f4ca4467
"July 07, 2018","Las Vegas, Nevada, USA","17,464",UFC 226: Miocic vs. Cormier,http://www.ufcstats.com/event-details/35585d970300d45a
"July 06, 2018","Las Vegas, Nevada, USA","2,123",The Ultimate Fighter: Undefeated Finale,http://www.ufcstats.com/event-details/8215e4fe24e8e81b
"June 23, 2018","Kallang, Singapore","6,419",UFC Fight Night: Cowboy vs. Edwards,http://www.ufcstats.com/event-details/ac5f67109accb482
"June 09, 2018","Chicago, Illinois, USA","18,117",UFC 225: Whittaker vs. Romero 2,http://www.ufcstats.com/event-details/2eae41f61776c60f
"June 01, 2018","Utica, New York, USA","5,063",UFC Fight Night: Rivera vs. Moraes,http://www.ufcstats.com/event-details/d29b5c4f22c6357d
"May 27, 2018","Liverpool, England, United Kingdom","8,520",UFC Fight Night: Thompson vs. Till,http://www.ufcstats.com/event-details/f5990c11974d8e9c
"May 19, 2018","Santiago, Chile","11,082",UFC Fight Night: Maia vs. Usman,http://www.ufcstats.com/event-details/3144121470023e9a
"May 12, 2018","Rio de Janeiro, Rio de Janeiro, Brazil","10,696",UFC 224: Nunes vs. Pennington,http://www.ufcstats.com/event-details/67ec58d7cf599835
"April 21, 2018","Atlantic City, New Jersey, USA","9,541",UFC Fight Night: Barboza vs. Lee,http://www.ufcstats.com/event-details/ad99fa5325519169
"April 14, 2018","Glendale, Arizona, USA","11,382",UFC Fight Night: Poirier vs. Gaethje,http://www.ufcstats.com/event-details/620be7e0712d431b
"April 07, 2018","Brooklyn, New York, USA","17,026",UFC 223: Khabib vs. Iaquinta,http://www.ufcstats.com/event-details/49e7e05f902479ca
"March 17, 2018","London, England, United Kingdom","16,274",UFC Fight Night: Werdum vs. Volkov,http://www.ufcstats.com/event-details/eed2b71d77d95416
"March 03, 2018","Las Vegas, Nevada, USA","12,041",UFC 222: Cyborg vs. Kunitskaya,http://www.ufcstats.com/event-details/7929be8290289a47
"February 24, 2018","Orlando, Florida, USA","10,124",UFC Fight Night: Emmett vs. Stephens,http://www.ufcstats.com/event-details/daa89f01e1c0f42a
"February 18, 2018","Austin, Texas, USA","10,502",UFC Fight Night: Cerrone vs. Medeiros,http://www.ufcstats.com/event-details/d181689653115b6a
"February 10, 2018","Perth, Western Australia, Australia","12,437",UFC 221: Romero vs. Rockhold,http://www.ufcstats.com/event-details/15515e797aedc137
"February 03, 2018","Belem, Para, Brazil","10,444",UFC Fight Night: Machida vs. Anders,http://www.ufcstats.com/event-details/7cf20446453f852b
"January 27, 2018","Charlotte, North Carolina, USA","10,249",UFC Fight Night: Jacare vs. Brunson 2,http://www.ufcstats.com/event-details/602bb270f2bdbf02
"January 20, 2018","Boston, Massachusetts, USA","16,015",UFC 220: Miocic vs. Ngannou,http://www.ufcstats.com/event-details/02177caefe7c07d4
"January 14, 2018","St. Louis, Missouri, USA","10,052",UFC Fight Night: Stephens vs. Choi,http://www.ufcstats.com/event-details/fc1868f56d3036eb
"December 30, 2017","Las Vegas, Nevada, USA","13,561",UFC 219: Cyborg vs. Holm,http://www.ufcstats.com/event-details/04076783ca83d6ae
"December 16, 2017","Winnipeg, Manitoba, Canada","8,862",UFC Fight Night: Lawler vs. Dos Anjos,http://www.ufcstats.com/event-details/eaa0a728cc91ef60
"December 09, 2017","Fresno, California, USA","7,605",UFC Fight Night: Swanson vs. Ortega,http://www.ufcstats.com/event-details/bcd124bcd3d5be46
"December 02, 2017","Detroit, Michigan, USA","17,587",UFC 218: Holloway vs. Aldo 2,http://www.ufcstats.com/event-details/9e30f69cc0869301
"December 01, 2017","Las Vegas, Nevada, USA",,The Ultimate Fighter: A New World Champion Finale,http://www.ufcstats.com/event-details/30e8b4505f5ccf92
"November 25, 2017","Shanghai, Hebei, China","15,128",UFC Fight Night: Bisping vs. Gastelum,http://www.ufcstats.com/event-details/e7bc606d269896aa
"November 18, 2017","Sydney, New South Wales, Australia","10,021",UFC Fight Night: Werdum vs. Tybura,http://www.ufcstats.com/event-details/caced97768818230
"November 11, 2017","Norfolk, Virginia, USA","8,442",UFC Fight Night: Poirier vs. Pettis,http://www.ufcstats.com/event-details/d856a0080ac09ed7
"November 04, 2017","New York City, New York, USA","18,201",UFC 217: Bisping vs. St-Pierre,http://www.ufcstats.com/event-details/a25b71fe5e31fa97
"October 28, 2017","Sao Paulo, Sao Paulo, Brazil","10,625",UFC Fight Night: Brunson vs. Machida,http://www.ufcstats.com/event-details/a7724f51e32e763e
"October 21, 2017","Gdansk, Poland","11,138",UFC Fight Night: Cerrone vs. Till,http://www.ufcstats.com/event-details/d6b68eaf4b68b160
"October 07, 2017","Las Vegas, Nevada, USA","10,638",UFC 216: Ferguson vs. Lee,http://www.ufcstats.com/event-details/cc5834a495d1ea08
"September 22, 2017","Saitama, Saitama, Japan","8,571",UFC Fight Night: Saint Preux vs. Okami,http://www.ufcstats.com/event-details/9211aae062b799d6
"September 16, 2017","Pittsburgh, Pennsylvania, USA","7,005",UFC Fight Night: Rockhold vs. Branch,http://www.ufcstats.com/event-details/1979c80150f630c4
"September 09, 2017","Edmonton, Alberta, Canada","16,232",UFC 215: Nunes vs Shevchenko 2,http://www.ufcstats.com/event-details/d86e913c548c07c2
"September 02, 2017","Rotterdam, Zuid-Holland, Netherlands","10,421",UFC Fight Night: Volkov vs. Struve,http://www.ufcstats.com/event-details/a3244e3238541482
"August 05, 2017","Mexico City, Distrito Federal, Mexico","10,172",UFC Fight Night: Pettis vs. Moreno,http://www.ufcstats.com/event-details/f4a031ac205ac580
"July 29, 2017","Anaheim, California, USA","16,610",UFC 214: Cormier vs. Jones 2,http://www.ufcstats.com/event-details/ff9578cdbfabd323
"July 22, 2017","Uniondale, New York, USA","11,198",UFC Fight Night: Weidman vs. Gastelum,http://www.ufcstats.com/event-details/9f3d6ddef3d3cccc
"July 16, 2017","Glasgow, Scotland, United Kingdom",,UFC Fight Night: Nelson vs. Ponzinibbio,http://www.ufcstats.com/event-details/d7907a9a968e4d29
"July 08, 2017","Las Vegas, Nevada, USA","12,834",UFC 213: Romero vs. Whittaker,http://www.ufcstats.com/event-details/686cccbf1a4de453
"July 07, 2017","Las Vegas, Nevada, USA","6,308",The Ultimate Fighter: Redemption Finale,http://www.ufcstats.com/event-details/23bd78c3f89bdb54
"June 25, 2017","Oklahoma City, Oklahoma, USA","7,605",UFC Fight Night: Chiesa vs. Lee,http://www.ufcstats.com/event-details/99bf06f20491cb54
"June 17, 2017","Kallang, Singapore","8,411",UFC Fight Night: Holm vs. Correia,http://www.ufcstats.com/event-details/353de740bb6c7e75
"June 10, 2017","Auckland, New Zealand","8,649",UFC Fight Night: Lewis vs. Hunt,http://www.ufcstats.com/event-details/90e7447d8b7f3f35
"June 03, 2017","Rio de Janeiro, Rio de Janeiro, Brazil","15,412",UFC 212: Aldo vs. Holloway,http://www.ufcstats.com/event-details/1507214bbc7a79e2
"May 28, 2017","Stockholm, Sweden","12,668",UFC Fight Night: Gustafsson vs. Teixeira,http://www.ufcstats.com/event-details/1c7cce2f5c17160d
"May 13, 2017","Dallas, Texas, USA","17,834",UFC 211: Miocic vs. Dos Santos,http://www.ufcstats.com/event-details/5df10509264586e5
"April 22, 2017","Nashville, Tennessee, USA","10,144",UFC Fight Night: Swanson vs. Lobov,http://www.ufcstats.com/event-details/bc7f7f0ba3db74d2
"April 15, 2017","Kansas City, Missouri, USA","12,171",UFC on FOX: Johnson vs. Reis,http://www.ufcstats.com/event-details/ed069a95aaaf4f56
"April 08, 2017","Buffalo, New York, USA","17,110",UFC 210: Cormier vs. Johnson 2,http://www.ufcstats.com/event-details/e7bfdb5e0112891e
"March 18, 2017","London, England, United Kingdom","15,761",UFC Fight Night: Manuwa vs. Anderson,http://www.ufcstats.com/event-details/c0231720fe516994
"March 11, 2017","Fortaleza, Ceara, Brazil","14,069",UFC Fight Night: Belfort vs. Gastelum,http://www.ufcstats.com/event-details/47b7e4e60813b7b2
"March 04, 2017","Las Vegas, Nevada, USA",,UFC 209: Woodley vs. Thompson 2,http://www.ufcstats.com/event-details/20e403a1acfef130
"February 19, 2017","Halifax, Nova Scotia, Canada","8,123",UFC Fight Night: Lewis vs. Browne,http://www.ufcstats.com/event-details/b4ad3a06ee4d660c
"February 11, 2017","Brooklyn, New York, USA","15,628",UFC 208: Holm vs. De Randamie,http://www.ufcstats.com/event-details/865aa315ea62c511
"February 04, 2017","Houston, Texas, USA","8,119",UFC Fight Night: Bermudez vs. The Korean Zombie,http://www.ufcstats.com/event-details/6a8a06b542e1516d
"January 28, 2017","Denver, Colorado, USA","13,233",UFC on FOX: Shevchenko vs. Pena,http://www.ufcstats.com/event-details/4512e46543b960ad
"January 15, 2017","Phoenix, Arizona, USA","11,589",UFC Fight Night: Rodriguez vs. Penn,http://www.ufcstats.com/event-details/46effbd1135423c5
"December 30, 2016","Las Vegas, Nevada, USA","18,533",UFC 207: Nunes vs. Rousey,http://www.ufcstats.com/event-details/4b2390cfaceb91d8
"December 17, 2016","Sacramento, California, USA","13,136",UFC on FOX: VanZant vs. Waterson,http://www.ufcstats.com/event-details/32541eb5d12668b4
"December 10, 2016","Toronto, Ontario, Canada","18,057",UFC 206: Holloway vs. Pettis,http://www.ufcstats.com/event-details/6e3282d57d2467a0
"December 09, 2016","Albany, New York, USA",,UFC Fight Night: Lewis vs. Abdurakhimov,http://www.ufcstats.com/event-details/7139cd2ae4bf6a29
"December 03, 2016","Las Vegas, Nevada, USA","2,044",The Ultimate Fighter: Tournament of Champions Finale,http://www.ufcstats.com/event-details/bd4389b71fdc0ce2
"November 26, 2016","Melbourne, Victoria, Australia","13,721",UFC Fight Night: Whittaker vs. Brunson,http://www.ufcstats.com/event-details/73e09f837f3b5ecc
"November 19, 2016","Sao Paulo, Sao Paulo, Brazil","9,028",UFC Fight Night: Bader vs. Nogueira,http://www.ufcstats.com/event-details/5cde96e0a1a1fffe
"November 19, 2016","Belfast, Northern Ireland, United Kingdom","7,222",UFC Fight Night: Mousasi vs. Hall 2,http://www.ufcstats.com/event-details/6810d8d2dd557cf9
"November 12, 2016","New York City, New York, USA","20,427",UFC 205: Alvarez vs McGregor,http://www.ufcstats.com/event-details/4956f60b7fa57c1a
"November 05, 2016","Mexico City, Distrito Federal, Mexico","11,460",UFC Fight Night: Dos Anjos vs. Ferguson,http://www.ufcstats.com/event-details/6083f497c22cc075
"October 08, 2016","Manchester, England, United Kingdom","16,000",UFC 204: Bisping vs. Henderson,http://www.ufcstats.com/event-details/154a6b3ffae264cd
"October 01, 2016","Portland, Oregon, USA","6,240",UFC Fight Night: Lineker vs. Dodson,http://www.ufcstats.com/event-details/a196332ee4aa8a82
"September 24, 2016","Brasilia, Distrito Federal, Brazil","8,410",UFC Fight Night: Cyborg vs. Lansberg,http://www.ufcstats.com/event-details/e18012194473e8b0
"September 17, 2016","Hidalgo, Texas, USA","5,624",UFC Fight Night: Poirier vs. Johnson,http://www.ufcstats.com/event-details/d6455cb4bee503ce
"September 10, 2016","Cleveland, Ohio, USA","18,875",UFC 203: Miocic vs. Overeem,http://www.ufcstats.com/event-details/2dc7f1762dc0a7ef
"September 03, 2016","Hamburg, Hamburg, Germany","11,763",UFC Fight Night: Arlovski vs. Barnett,http://www.ufcstats.com/event-details/2b4faacc16d66898
"August 27, 2016","Vancouver, British Columbia, Canada","10,533",UFC on FOX: Maia vs. Condit,http://www.ufcstats.com/event-details/cfbccfed4e4796fe
"August 20, 2016","Las Vegas, Nevada, USA","15,539",UFC 202: Diaz vs. McGregor 2,http://www.ufcstats.com/event-details/5da4e8dc02e50ac0
"August 06, 2016","Salt Lake City, Utah, USA","6,689",UFC Fight Night: Rodriguez vs. Caceres,http://www.ufcstats.com/event-details/232c582f29f8f65e
"July 30, 2016","Atlanta, Georgia, USA","10,240",UFC 201: Lawler vs. Woodley,http://www.ufcstats.com/event-details/72cbe507644a587c
"July 23, 2016","Chicago, Illinois, USA","10,287",UFC on FOX: Holm vs. Shevchenko,http://www.ufcstats.com/event-details/8a028648f3f0761d
"July 13, 2016","Sioux Falls, South Dakota, USA","5,761",UFC Fight Night: McDonald vs. Lineker,http://www.ufcstats.com/event-details/5e7a28f20927d64a
"July 09, 2016","Las Vegas, Nevada, USA","16,516",UFC 200: Tate vs Nunes,http://www.ufcstats.com/event-details/aa5b4eff51bdc7d1
"July 08, 2016","Las Vegas, Nevada, USA","8,115",The Ultimate Fighter: Team Joanna vs. Team Cláudia Finale,http://www.ufcstats.com/event-details/cd42bbe8887bba90
"July 07, 2016","Las Vegas, Nevada, USA","7,760",UFC Fight Night: Dos Anjos vs. Alvarez,http://www.ufcstats.com/event-details/45a2ba3ef82b9700
"June 18, 2016","Ottawa, Ontario, Canada","10,490",UFC Fight Night: MacDonald vs Thompson,http://www.ufcstats.com/event-details/563d051c9e769b24
"June 04, 2016","Los Angeles, California, USA","15,587",UFC 199: Rockhold vs. Bisping 2,http://www.ufcstats.com/event-details/ff4c3ab594c7fac3
"May 29, 2016","Las Vegas, Nevada, USA","5,193",UFC Fight Night: Almeida vs Garbrandt,http://www.ufcstats.com/event-details/990060b2a68a7b82
"May 14, 2016","Curitiba, Parana, Brazil","45,207",UFC 198: Werdum vs Miocic,http://www.ufcstats.com/event-details/a4bf17bd3ba3423b
"May 08, 2016","Rotterdam, Zuid-Holland, Netherlands","10,421",UFC Fight Night: Overeem vs Arlovski,http://www.ufcstats.com/event-details/a314687f372b2cec
"April 23, 2016","Las Vegas, Nevada, USA","11,352",UFC 197: Jones vs Saint Preux,http://www.ufcstats.com/event-details/3d481aa374c954a1
"April 16, 2016","Tampa, Florida, USA","11,273",UFC on FOX: Teixeira vs Evans,http://www.ufcstats.com/event-details/e7e970d508529bf3
"April 10, 2016","Zagreb, Croatia","13,177",UFC Fight Night: Rothwell vs Dos Santos,http://www.ufcstats.com/event-details/4887e5bc4dbb73ff
"March 19, 2016","Brisbane, Queensland, Australia","9,552",UFC Fight Night: Hunt vs Mir,http://www.ufcstats.com/event-details/e60201cfab7d656d
"March 05, 2016","Las Vegas, Nevada, USA","14,898",UFC 196: McGregor vs Diaz,http://www.ufcstats.com/event-details/db1f2ed63b54b9a7
"February 27, 2016","London, England, United Kingdom","16,734",UFC Fight Night: Silva vs Bisping,http://www.ufcstats.com/event-details/39c568f8c579913e
"February 21, 2016","Pittsburgh, Pennsylvania, USA","7,330",UFC Fight Night: Cowboy vs Cowboy,http://www.ufcstats.com/event-details/d56bb6dff2ae77eb
"February 06, 2016","Las Vegas, Nevada, USA","7,442",UFC Fight Night: Hendricks vs Thompson,http://www.ufcstats.com/event-details/de99da2c0d18d34a
"January 30, 2016","Newark, New Jersey, USA","10,555",UFC on FOX: Johnson vs. Bader,http://www.ufcstats.com/event-details/b3fb8d2293e17a59
"January 17, 2016","Boston, Massachusetts, USA","12,022",UFC Fight Night: Dillashaw vs Cruz,http://www.ufcstats.com/event-details/c6becb722706c7d8
"January 02, 2016","Las Vegas, Nevada, USA","10,300",UFC 195: Lawler vs Condit,http://www.ufcstats.com/event-details/380e8b023290d091
"December 19, 2015","Orlando, Florida, USA","14,459",UFC on FOX: Dos Anjos vs. Cowboy 2,http://www.ufcstats.com/event-details/80d918336163b80c
"December 12, 2015","Las Vegas, Nevada, USA","16,516",UFC 194: Aldo vs McGregor,http://www.ufcstats.com/event-details/354808cf38d9d73c
"December 11, 2015","Las Vegas, Nevada, USA",,The Ultimate Fighter: Team McGregor vs. Team Faber Finale,http://www.ufcstats.com/event-details/20fbff570c678e1c
"December 10, 2015","Las Vegas, Nevada, USA","1,643",UFC Fight Night: Namajunas vs. VanZant,http://www.ufcstats.com/event-details/dd39f1ca787a3d9d
"November 28, 2015","Seoul, South Korea","12,156",UFC Fight Night: Henderson vs Masvidal,http://www.ufcstats.com/event-details/4d636c3aa1105950
"November 21, 2015","Monterrey, Nuevo Leon, Mexico","10,410",UFC Fight Night: Magny vs Gastelum,http://www.ufcstats.com/event-details/243b07fc65ccbb16
"November 14, 2015","Melbourne, Victoria, Australia","56,214",UFC 193: Rousey vs Holm,http://www.ufcstats.com/event-details/8d04923f2db59b7f
"November 07, 2015","Sao Paulo, Sao Paulo, Brazil",,UFC Fight Night: Belfort vs Henderson 3,http://www.ufcstats.com/event-details/5345f86680378fc1
"October 24, 2015","Dublin, Leinster, Ireland","8,456",UFC Fight Night: Holohan vs Smolka,http://www.ufcstats.com/event-details/f3155a94ca420126
"October 03, 2015","Houston, Texas, USA","14,622",UFC 192: Cormier vs Gustafsson,http://www.ufcstats.com/event-details/119ebea97e914dcf
"September 26, 2015","Saitama, Japan","10,137",UFC Fight Night: Barnett vs Nelson,http://www.ufcstats.com/event-details/a4dd5c9a75763295
"September 05, 2015","Las Vegas, Nevada, USA","10,873",UFC 191: Johnson vs Dodson 2,http://www.ufcstats.com/event-details/82f5c81f4e3c3eb5
"August 23, 2015","Saskatoon, Saskatchewan, Canada","7,202",UFC Fight Night: Holloway vs Oliveira,http://www.ufcstats.com/event-details/2ce6541127b0e232
"August 08, 2015","Nashville, Tennessee, USA","7,539",UFC Fight Night: Teixeira vs Saint Preux,http://www.ufcstats.com/event-details/b71667c778b6d9e5
"August 01, 2015","Rio de Janeiro, Rio de Janeiro, Brazil","14,723",UFC 190: Rousey vs Correia,http://www.ufcstats.com/event-details/a9c45a8b21eabadc
"July 25, 2015","Chicago, Illinois, USA","10,795",UFC on FOX: Dillashaw vs. Barao II,http://www.ufcstats.com/event-details/0c3838c8f7c620c2
"July 18, 2015","Glasgow, Scotland, United Kingdom","10,451",UFC Fight Night: Bisping vs Leites,http://www.ufcstats.com/event-details/ef7fa30364cbe7f2
"July 15, 2015","San Diego, California, USA","5,471",UFC Fight Night: Mir vs Duffee,http://www.ufcstats.com/event-details/36877f0e62b25b96
"July 12, 2015","Las Vegas, Nevada, USA","4,844",The Ultimate Fighter: American Top Team vs. Blackzilians Finale,http://www.ufcstats.com/event-details/a890f9a791ed615d
"July 11, 2015","Las Vegas, Nevada, USA","16,019",UFC 189: Mendes vs McGregor,http://www.ufcstats.com/event-details/3be081c29bf734d9
"June 27, 2015","Hollywood, Florida, USA","5,604",UFC Fight Night: Machida vs Romero,http://www.ufcstats.com/event-details/86e388ed20761ad9
"June 20, 2015","Berlin, Berlin, Germany","8,155",UFC Fight Night: Jedrzejczyk vs Penne,http://www.ufcstats.com/event-details/194fc025f9355db6
"June 13, 2015","Mexico City, Distrito Federal, Mexico","21,036",UFC 188: Velasquez vs Werdum,http://www.ufcstats.com/event-details/a58114c6dd0add64
"June 06, 2015","New Orleans, Louisiana, USA","6,231",UFC Fight Night: Boetsch vs Henderson,http://www.ufcstats.com/event-details/06dc1a58663579d2
"May 30, 2015","Goiania, Goias, Brazil","3,500",UFC Fight Night: Condit vs Alves,http://www.ufcstats.com/event-details/aae0897825336b1a
"May 23, 2015","Las Vegas, Nevada, USA","12,615",UFC 187: Johnson vs Cormier,http://www.ufcstats.com/event-details/4f7e290e71d60f87
"May 16, 2015","Manila, Philippines","13,446",UFC Fight Night: Edgar vs Faber,http://www.ufcstats.com/event-details/b1605ea39fba6af6
"May 09, 2015","Adelaide, South Australia, Australia","7,984",UFC Fight Night: Miocic vs Hunt,http://www.ufcstats.com/event-details/8a1b4330c7957961
"April 25, 2015","Montreal, Quebec, Canada","10,154",UFC 186: Johnson vs Horiguchi,http://www.ufcstats.com/event-details/997b4f52f76a0b53
"April 18, 2015","Newark, New Jersey, USA","13,306",UFC on FOX: Machida vs Rockhold,http://www.ufcstats.com/event-details/bc7cf284c1c2f16e
"April 11, 2015","Krakow, Poland","10,000",UFC Fight Night: Gonzaga vs Cro Cop 2,http://www.ufcstats.com/event-details/5de61b03868035ff
"April 04, 2015","Fairfax, Virginia, USA",,UFC Fight Night: Mendes vs Lamas,http://www.ufcstats.com/event-details/16d09e800ad7ec79
"March 21, 2015","Rio de Janeiro, Brazil","7,707",UFC Fight Night: Maia vs LaFlare,http://www.ufcstats.com/event-details/fa534853eb195270
"March 14, 2015","Dallas, Texas, USA","17,160",UFC 185: Pettis vs Dos Anjos,http://www.ufcstats.com/event-details/f54200f1dfb9b5d4
"February 28, 2015","Los Angeles, California, USA","17,654",UFC 184: Rousey vs Zingano,http://www.ufcstats.com/event-details/ad4e9055bf8cd04d
"February 22, 2015","Porto Alegre, Rio Grande do Sul, Brazil","5,080",UFC Fight Night: Bigfoot vs Mir,http://www.ufcstats.com/event-details/0577808d22dfe79c
"February 14, 2015","Broomfield, Colorado, USA","5,807",UFC Fight Night: Henderson vs Thatch,http://www.ufcstats.com/event-details/f9c7fe2682af3802
"January 31, 2015","Las Vegas, Nevada, USA","13,114",UFC 183: Silva vs Diaz,http://www.ufcstats.com/event-details/43563a32c3f10e95
"January 24, 2015","Stockholm, Sweden","30,000",UFC on FOX: Gustafsson vs Johnson,http://www.ufcstats.com/event-details/706404da0775dcbc
"January 18, 2015","Boston, Massachusetts, USA","13,828",UFC Fight Night: McGregor vs Siver,http://www.ufcstats.com/event-details/f9aa6376ae16bfb4
"January 03, 2015","Las Vegas, Nevada, USA","11,575",UFC 182: Jones vs Cormier,http://www.ufcstats.com/event-details/a72d260b436924c4
"December 20, 2014","Barueri, Sao Paulo, Brazil",,UFC Fight Night: Machida vs Dollaway,http://www.ufcstats.com/event-details/4e5bbc4566049cbf
"December 13, 2014","Phoenix, Arizona, USA","15,300",UFC on FOX: Dos Santos vs Miocic,http://www.ufcstats.com/event-details/d4a12dfa4067742f
"December 12, 2014","Las Vegas, Nevada, USA","1,800",The Ultimate Fighter: A Champion Will Be Crowned Finale,http://www.ufcstats.com/event-details/222d6b547de2e035
"December 06, 2014","Las Vegas, Nevada, USA","9,617",UFC 181: Hendricks vs Lawler II,http://www.ufcstats.com/event-details/dfdd0c5dd0d4bc23
"November 22, 2014","Austin, Texas, USA","10,131",UFC Fight Night: Edgar vs Swanson,http://www.ufcstats.com/event-details/155a02a8b4311057
"November 15, 2014","Mexico City, Distrito Federal, Mexico","21,000",UFC 180: Werdum vs Hunt,http://www.ufcstats.com/event-details/59851163aaf1aed8
"November 08, 2014","Uberlandia, Minas Gerais, Brazil","5,671",UFC Fight Night 56: Shogun vs Saint Preux,http://www.ufcstats.com/event-details/6ca68b636fbc1f18
"November 07, 2014","Sydney, New South Wales, Australia","9,904",UFC Fight Night: Rockhold vs Bisping,http://www.ufcstats.com/event-details/371a1c91b24dec2b
"October 25, 2014","Rio de Janeiro, Brazil","11,415",UFC 179: Aldo vs Mendes 2,http://www.ufcstats.com/event-details/53f02bbc41d99432
"October 04, 2014","Halifax, Nova Scotia, Canada","10,782",UFC Fight Night: MacDonald vs Saffiedine,http://www.ufcstats.com/event-details/0313bf497de9c470
"October 04, 2014","Stockholm, Sweden","10,026",UFC Fight Night: Nelson vs Story,http://www.ufcstats.com/event-details/8dc4f34c1f50d00d
"September 27, 2014","Las Vegas, Nevada, USA","10,544",UFC 178: Johnson vs Cariaso,http://www.ufcstats.com/event-details/3bb030257966b022
"September 20, 2014","Saitama, Japan","12,395",UFC Fight Night: Hunt vs Nelson,http://www.ufcstats.com/event-details/2dea80c069847321
"September 13, 2014","Brasilia, Distrito Federal, Brazil","7,649",UFC Fight Night: Bigfoot vs Arlovski,http://www.ufcstats.com/event-details/a71feb7ea7592a71
"September 05, 2014","Ledyard, Connecticut, USA",,UFC Fight Night: Jacare vs Mousasi,http://www.ufcstats.com/event-details/9bcfb40dbcd50568
"August 30, 2014","Sacramento, California, USA","11,100",UFC 177: Dillashaw vs Soto,http://www.ufcstats.com/event-details/269d103c96a4c3a5
"August 23, 2014","Tulsa, Oklahoma, USA","7,119",UFC Fight Night: Henderson vs Dos Anjos,http://www.ufcstats.com/event-details/063649e21bc9d6d5
"August 23, 2014","Macau, China","7,022",UFC Fight Night: Bisping vs Le,http://www.ufcstats.com/event-details/770b9d4813c25902
"August 16, 2014","Bangor, Maine, USA","5,329",UFC Fight Night: Bader vs Saint Preux,http://www.ufcstats.com/event-details/fd7acf42bd6e7e95
"July 26, 2014","San Jose, California, USA","11,482",UFC on FOX: Lawler vs Brown,http://www.ufcstats.com/event-details/05fbfe628658c538
"July 19, 2014","Dublin, Leinster, Ireland","9,500",UFC Fight Night: McGregor vs Brandao,http://www.ufcstats.com/event-details/073eee4e62f0d988
"July 16, 2014","Atlantic City, New Jersey, USA","4,115",UFC Fight Night: Cowboy vs Miller,http://www.ufcstats.com/event-details/79ded75550efc139
"July 06, 2014","Las Vegas, Nevada, USA","6,500",The Ultimate Fighter: Team Edgar vs. Team Penn Finale,http://www.ufcstats.com/event-details/1c5879330d42255f
"July 05, 2014","Las Vegas, Nevada, USA","10,088",UFC 175: Weidman vs Machida,http://www.ufcstats.com/event-details/53adf5b845d91e4a
"June 28, 2014","San Antonio, Texas, USA","9,227",UFC Fight Night: Swanson vs Stephens,http://www.ufcstats.com/event-details/c0ed7b208197e8de
"June 28, 2014","Auckland, New Zealand","8,089",UFC Fight Night: Te Huna vs Marquardt,http://www.ufcstats.com/event-details/ac9521250dc1a14c
"June 14, 2014","Vancouver, British Columbia, Canada","13,506",UFC 174: Johnson vs Bagautinov,http://www.ufcstats.com/event-details/5b5307450405abf0
"June 07, 2014","Albuquerque, New Mexico, USA","8,775",UFC Fight Night: Henderson vs Khabilov,http://www.ufcstats.com/event-details/1fcfc3709fe58151
"May 31, 2014","Sao Paulo, Brazil","8,986",UFC Fight Night: Miocic vs Maldonado,http://www.ufcstats.com/event-details/59aaf2730b84698a
"May 31, 2014","Berlin, Germany","8,000",UFC Fight Night: Munoz vs Mousasi,http://www.ufcstats.com/event-details/b757c73f443d4fca
"May 24, 2014","Las Vegas, Nevada, USA","11,036",UFC 173: Barao vs Dillashaw,http://www.ufcstats.com/event-details/9ca265dfe8323db3
"May 10, 2014","Cincinnati, Ohio, USA","6,143",UFC Fight Night: Brown vs Silva,http://www.ufcstats.com/event-details/579fcdfcabd23a7b
"April 26, 2014","Baltimore, Maryland, USA","13,485",UFC 172: Jones vs Teixeira,http://www.ufcstats.com/event-details/4f2fcbefb668689d
"April 19, 2014","Orlando, Florida, USA","17,000",UFC on FOX: Werdum vs Browne,http://www.ufcstats.com/event-details/a421465acbe59c77
"April 16, 2014","Quebec City, Quebec, Canada","5,029",UFC Fight Night: Bisping vs Kennedy,http://www.ufcstats.com/event-details/f9f07bb5a43535ed
"April 11, 2014","Abu Dhabi, United Arab Emirates","7,963",UFC Fight Night: Minotauro vs Nelson,http://www.ufcstats.com/event-details/d632d156c0549e07
"March 23, 2014","Natal, Rio Grande do Norte, Brazil","6,828",UFC Fight Night: Shogun vs Henderson 2,http://www.ufcstats.com/event-details/d5f820c11a121050
"March 15, 2014","Dallas, Texas, USA","19,324",UFC 171: Hendricks vs Lawler,http://www.ufcstats.com/event-details/179f1948dc234f1f
"March 08, 2014","London, England, United Kingdom","14,604",UFC Fight Night: Gustafsson vs Manuwa,http://www.ufcstats.com/event-details/ebc1f40e00e0c481
"March 01, 2014","Macau, China","6,000",UFC Fight Night: Kim vs Hathaway,http://www.ufcstats.com/event-details/a26198ba5093147e
"February 22, 2014","Las Vegas, Nevada, USA","10,217",UFC 170: Rousey vs McMann,http://www.ufcstats.com/event-details/3138fab619faf4d1
"February 15, 2014","Jaragua do Sul, Santa Catarina, Brazil","7,511",UFC Fight Night: Machida vs Mousasi,http://www.ufcstats.com/event-details/51b0bb73a1da34bc
"February 01, 2014","Newark, New Jersey, USA","14,308",UFC 169: Barao vs Faber 2,http://www.ufcstats.com/event-details/fc31f896cde2bc2e
"January 25, 2014","Chicago, Illinois, USA","10,895",UFC on FOX: Henderson vs Thomson,http://www.ufcstats.com/event-details/a8d521d913df4e31
"January 15, 2014","Duluth, Georgia, USA","5,822",UFC Fight Night: Rockhold vs Philippou,http://www.ufcstats.com/event-details/30a09e43f15f1d75
"January 04, 2014","Singapore, Singapore","5,216",UFC Fight Night: Saffiedine vs Lim,http://www.ufcstats.com/event-details/e5c9de15bb58b1c6
"December 28, 2013","Las Vegas, Nevada, USA","15,650",UFC 168: Weidman vs Silva 2,http://www.ufcstats.com/event-details/83d0de122f2f9664
"December 14, 2013","Sacramento, California, USA","11,573",UFC on FOX: Johnson vs. Benavidez 2,http://www.ufcstats.com/event-details/480b702debcb5433
"December 06, 2013","Brisbane, Queensland, Australia","11,393",UFC Fight Night: Hunt vs Bigfoot,http://www.ufcstats.com/event-details/ee457ef1e1c326c1
"November 30, 2013","Las Vegas, Nevada, USA","4,346",The Ultimate Fighter: Team Rousey vs. Team Tate Finale,http://www.ufcstats.com/event-details/9a967e8e43dcef63
"November 16, 2013","Las Vegas, Nevada, USA","14,856",UFC 167: St-Pierre vs Hendricks,http://www.ufcstats.com/event-details/28f3c2258a1d8874
"November 09, 2013","Goiania, Goias, Brazil","10,565",UFC Fight Night: Belfort vs Henderson 2,http://www.ufcstats.com/event-details/5d7c18191b8aa432
"November 06, 2013","Fort Campbell, Kentucky, USA",,UFC Fight Night: Fight for the Troops 3,http://www.ufcstats.com/event-details/35dc6220b113b7ec
"October 26, 2013","Manchester, England, United Kingdom","10,355",UFC Fight Night: Machida vs Munoz,http://www.ufcstats.com/event-details/60884f31ead1609c
"October 19, 2013","Houston, Texas, USA","17,238",UFC 166: Velasquez vs Dos Santos 3,http://www.ufcstats.com/event-details/eae4aec1a5a8ff01
"October 09, 2013","Barueri, Sao Paulo, Brazil","6,621",UFC Fight Night: Maia vs Shields,http://www.ufcstats.com/event-details/43612456979e5d5e
"September 21, 2013","Toronto, Ontario, Canada","15,504",UFC 165: Jones vs Gustafsson,http://www.ufcstats.com/event-details/df5a77121ba84a5d
"September 04, 2013","Belo Horizonte, Minas Gerais, Brazil","5,126",UFC Fight Night: Teixeira vs Bader,http://www.ufcstats.com/event-details/b23fca14c7b79935
"August 31, 2013","Milwaukee, Wisconsin, USA","9,178",UFC 164: Henderson vs Pettis 2,http://www.ufcstats.com/event-details/980b4e712489098e
"August 28, 2013","Indianapolis, Indiana, USA","6,417",UFC Fight Night: Condit vs Kampmann 2,http://www.ufcstats.com/event-details/e5c38954c006f15c
"August 17, 2013","Boston, Massachusetts, USA","14,181",UFC Fight Night: Shogun vs Sonnen,http://www.ufcstats.com/event-details/cf1a88371c8cb690
"August 03, 2013","Rio de Janeiro, Brazil","13,873",UFC 163: Aldo vs Jung,http://www.ufcstats.com/event-details/ebc5af72ad5a28cb
"July 27, 2013","Seattle, Washington, USA","8,967",UFC on FOX: Johnson vs Moraga,http://www.ufcstats.com/event-details/5330fe7e4c3af81c
"July 06, 2013","Las Vegas, Nevada, USA","12,964",UFC 162: Silva vs Weidman,http://www.ufcstats.com/event-details/e0b74df14f52cd15
"June 15, 2013","Winnipeg, Manitoba, Canada","14,754",UFC 161: Evans vs Henderson,http://www.ufcstats.com/event-details/8fd1f27e86661ede
"June 08, 2013","Fortaleza, Ceara, Brazil","6,286",UFC on FUEL TV: Nogueira vs. Werdum,http://www.ufcstats.com/event-details/7865707fd684d77b
"May 25, 2013","Las Vegas, Nevada, USA","12,380",UFC 160: Velasquez vs Silva 2,http://www.ufcstats.com/event-details/3c241737a6069b9f
"May 18, 2013","Jaragua do Sul, Santa Catarina, Brazil","7,642",UFC on FX: Belfort vs. Rockhold,http://www.ufcstats.com/event-details/030f08370fd1c2bb
"April 27, 2013","Newark, New Jersey, USA","15,227",UFC 159: Jones vs Sonnen,http://www.ufcstats.com/event-details/ea0ad155451ed1f5
"April 20, 2013","San Jose, California, USA","13,506",UFC on FOX: Henderson vs Melendez,http://www.ufcstats.com/event-details/aa79d5399571068e
"April 13, 2013","Las Vegas, Nevada, USA","5,382",The Ultimate Fighter: Team Jones vs. Team Sonnen Finale,http://www.ufcstats.com/event-details/ce47f49e5c386a9c
"April 06, 2013","Stockholm, Sweden","14,506",UFC on FUEL TV: Mousasi vs Latifi,http://www.ufcstats.com/event-details/6291ac0a3726732f
"March 16, 2013","Montreal, Quebec, Canada","20,145",UFC 158: St-Pierre vs Diaz,http://www.ufcstats.com/event-details/f1b2a4365799c48b
"March 02, 2013","Saitama, Japan","14,682",UFC on FUEL TV: Silva vs. Stann,http://www.ufcstats.com/event-details/83c6c3e0f8bde8ee
"February 23, 2013","Anaheim, California, USA","13,257",UFC 157: Rousey vs Carmouche,http://www.ufcstats.com/event-details/09c44b317c98bf96
"February 16, 2013","London, England, United Kingdom","10,349",UFC on FUEL TV: Barao vs McDonald,http://www.ufcstats.com/event-details/4679a38cced7c64a
"February 02, 2013","Las Vegas, Nevada, USA","10,275",UFC 156: Aldo vs Edgar,http://www.ufcstats.com/event-details/601cf40c09090853
"January 26, 2013","Chicago, Illinois, USA","16,091",UFC on FOX: Johnson vs Dodson,http://www.ufcstats.com/event-details/738acab0c6934dd8
"January 19, 2013","Sao Paulo, Brazil","9,116",UFC on FX: Belfort vs Bisping,http://www.ufcstats.com/event-details/56f4b81ec4db61af
"December 29, 2012","Las Vegas, Nevada, USA","13,561",UFC 155: Dos Santos vs Velasquez II,http://www.ufcstats.com/event-details/c6e6926a81adcd00
"December 15, 2012","Las Vegas, Nevada, USA","2,427",The Ultimate Fighter: Team Carwin vs. Team Nelson Finale,http://www.ufcstats.com/event-details/c6da1c24fe473418
"December 14, 2012","Gold Coast, Queensland, Australia","5,133",UFC on FX: Sotiropoulos vs Pearson,http://www.ufcstats.com/event-details/e8c170a64dc920ac
"December 08, 2012","Seattle, Washington, USA","14,412",UFC on FOX: Henderson vs Diaz,http://www.ufcstats.com/event-details/d1e6a6536ee62517
"November 17, 2012","Montreal, Quebec, Canada","17,249",UFC 154: St-Pierre vs Condit,http://www.ufcstats.com/event-details/d41937647eae9a34
"November 10, 2012","Macau, China","8,415",UFC Macao: Franklin vs Le,http://www.ufcstats.com/event-details/319fa1bd3176bded
"October 13, 2012","Rio de Janeiro, Brazil","16,844",UFC 153: Silva vs Bonnar,http://www.ufcstats.com/event-details/96d173b7f92aa520
"October 05, 2012","Minneapolis, Minnesota, USA","7,055",UFC on FX: Browne vs Bigfoot,http://www.ufcstats.com/event-details/6a0b80a24f22e152
"September 29, 2012","Nottingham, England, United Kingdom","7,241",UFC on FUEL TV: Struve vs Miocic,http://www.ufcstats.com/event-details/6cbb7661c3258617
"September 22, 2012","Toronto, Ontario, Canada","16,800",UFC 152: Jones vs Belfort,http://www.ufcstats.com/event-details/53e533db1b8e9712
"August 11, 2012","Denver, Colorado, USA","13,027",UFC 150: Henderson vs Edgar II,http://www.ufcstats.com/event-details/3c48019bc387b80c
"August 04, 2012","Los Angeles, California, USA","16,080",UFC on FOX: Shogun vs Vera,http://www.ufcstats.com/event-details/f62850b3c7480db9
"July 21, 2012","Calgary, Alberta, Canada","16,089",UFC 149: Faber vs Barao,http://www.ufcstats.com/event-details/abbc4fc02e0d84b3
"July 11, 2012","San Jose, California, USA","4,250",UFC on FUEL TV: Munoz vs Weidman,http://www.ufcstats.com/event-details/d3b5ad3b15a64a18
"July 07, 2012","Las Vegas, Nevada, USA","15,104",UFC 148: Silva vs Sonnen 2,http://www.ufcstats.com/event-details/e8efeb9cf33b1941
"June 23, 2012","Belo Horizonte, Minas Gerais, Brazil","16,643",UFC 147: Silva vs Franklin 2,http://www.ufcstats.com/event-details/3da19339ee7051d5
"June 22, 2012","Atlantic City, New Jersey, USA","4,652",UFC on FX: Maynard vs Guida,http://www.ufcstats.com/event-details/505934897b8b4824
"June 08, 2012","Sunrise, Florida, USA","6,635",UFC on FX: Johnson vs McCall,http://www.ufcstats.com/event-details/49590e0508b2c19f
"June 01, 2012","Las Vegas, Nevada, USA","1,628",The Ultimate Fighter: Live Finale,http://www.ufcstats.com/event-details/96087e90d900f0ef
"May 26, 2012","Las Vegas, Nevada, USA","14,674",UFC 146: Dos Santos vs Mir,http://www.ufcstats.com/event-details/4985113c0928aa62
"May 15, 2012","Fairfax, Virginia, USA","6,668",UFC on FUEL TV: Korean Zombie vs Poirier,http://www.ufcstats.com/event-details/8caca5857ce0e30b
"May 05, 2012","East Rutherford, New Jersey, USA","10,788",UFC on FOX: Diaz vs Miller,http://www.ufcstats.com/event-details/5898357a45a73674
"April 21, 2012","Atlanta, Georgia, USA","15,545",UFC 145: Jones vs Evans,http://www.ufcstats.com/event-details/155bfc7ed36622df
"April 14, 2012","Stockholm, Sweden","15,428",UFC on FUEL TV: Gustafsson vs Silva,http://www.ufcstats.com/event-details/21f2974fd08085e3
"March 02, 2012","Sydney, New South Wales, Australia","14,537",UFC on FX: Alves vs Kampmann,http://www.ufcstats.com/event-details/b5ea750025697880
"February 25, 2012","Saitama, Japan",,UFC 144: Edgar vs Henderson,http://www.ufcstats.com/event-details/8377c5572cb356f3
"February 15, 2012","Omaha, Nebraska, USA","7,120",UFC on FUEL TV: Sanchez vs Ellenberger,http://www.ufcstats.com/event-details/0a97691039c4bbfb
"February 04, 2012","Las Vegas, Nevada, USA","9,015",UFC 143: Diaz vs Condit,http://www.ufcstats.com/event-details/df2cf66d8c0123db
"January 28, 2012","Chicago, Illinois, USA","16,963",UFC on FOX: Evans vs Davis,http://www.ufcstats.com/event-details/c3c23c99477c041b
"January 20, 2012","Nashville, Tennessee, USA",,UFC on FX: Guillard vs Miller,http://www.ufcstats.com/event-details/4d74641fac830182
"January 14, 2012","Rio de Janeiro, Brazil",,UFC 142: Aldo vs Mendes,http://www.ufcstats.com/event-details/18524b46c570730b
"December 30, 2011","Las Vegas, Nevada, USA",,UFC 141: Lesnar vs Overeem,http://www.ufcstats.com/event-details/91720876db0ee468
"December 10, 2011","Toronto, Ontario, Canada","18,303",UFC 140: Jones vs Machida,http://www.ufcstats.com/event-details/6d7886b094b471ac
"December 03, 2011","Las Vegas, Nevada, USA","1,909",The Ultimate Fighter: Team Bisping vs Team Miller Finale,http://www.ufcstats.com/event-details/1f5f75658551f2d3
"November 19, 2011","San Jose, California, USA","13,832",UFC 139: Shogun vs Henderson,http://www.ufcstats.com/event-details/0ec821423baa26bd
"November 12, 2011","Anaheim, California, USA","11,607",UFC on FOX: Velasquez vs Dos Santos,http://www.ufcstats.com/event-details/1c061eb6e29eaa0a
"November 05, 2011","Birmingham, England, United Kingdom","10,823",UFC 138: Leben vs Munoz,http://www.ufcstats.com/event-details/e780ccc79a209985
"October 29, 2011","Las Vegas, Nevada, USA","10,313",UFC 137: Penn vs Diaz,http://www.ufcstats.com/event-details/8788beb528894f33
"October 08, 2011","Houston, Texas, USA","16,146",UFC 136: Edgar vs Maynard 3,http://www.ufcstats.com/event-details/7d5b12de1625984e
"October 01, 2011","Washington, DC, USA","9,380",UFC Live: Cruz vs Johnson,http://www.ufcstats.com/event-details/44f9c777fed7ca03
"September 24, 2011","Denver, Colorado, USA","16,344",UFC 135: Jones vs Rampage,http://www.ufcstats.com/event-details/73ef22f25d0f70e2
"September 17, 2011","New Orleans, Louisiana, USA","7,112",UFC Fight Night: Shields vs Ellenberger,http://www.ufcstats.com/event-details/1ffc38f67785797b
"August 27, 2011","Rio de Janeiro, Brazil",,UFC 134: Silva vs Okami,http://www.ufcstats.com/event-details/18968f97ad34f15c
"August 14, 2011","Milwaukee, Wisconsin, USA","6,751",UFC Live: Hardy vs Lytle,http://www.ufcstats.com/event-details/4c8d6fde2dde07c4
"August 06, 2011","Philadelphia, Pennsylvania, USA","11,583",UFC 133: Evans vs Ortiz 2,http://www.ufcstats.com/event-details/f1f9e48a0d150757
"July 02, 2011","Las Vegas, Nevada, USA","13,109",UFC 132: Cruz vs Faber,http://www.ufcstats.com/event-details/83fd97284f4bb4a4
"June 26, 2011","Pittsburgh, Pennsylvania, USA","7,792",UFC Live: Kongo vs Barry,http://www.ufcstats.com/event-details/d023ae89a2a4a41e
"June 11, 2011","Vancouver, British Columbia, Canada","14,685",UFC 131: Dos Santos vs Carwin,http://www.ufcstats.com/event-details/aac5ac38148f0528
"June 04, 2011","Las Vegas, Nevada, USA","2,035",The Ultimate Fighter: Team Lesnar vs Team dos Santos Finale,http://www.ufcstats.com/event-details/3ba3b5cc94498437
"May 28, 2011","Las Vegas, Nevada, USA","12,753",UFC 130: Rampage vs Hamill,http://www.ufcstats.com/event-details/b732b326c362fb62
"April 30, 2011","Toronto, Ontario, Canada","55,724",UFC 129: St-Pierre vs Shields,http://www.ufcstats.com/event-details/2db7fa8db6bc9632
"March 26, 2011","Seattle, Washington, USA","13,741",UFC Fight Night: Nogueira vs Davis,http://www.ufcstats.com/event-details/8a59d346dc976a10
"March 19, 2011","Newark, New Jersey, USA","12,619",UFC 128: Shogun vs Jones,http://www.ufcstats.com/event-details/1411c630ba711b64
"March 03, 2011","Louisville, Kentucky, USA","8,319",UFC Live: Sanchez vs Kampmann,http://www.ufcstats.com/event-details/a54fc2d6fc224dc3
"February 26, 2011","Sydney, New South Wales, Australia","18,186",UFC 127: Penn vs Fitch,http://www.ufcstats.com/event-details/88a9bc81271ccd89
"February 05, 2011","Las Vegas, Nevada, USA","9,667",UFC 126: Silva vs Belfort,http://www.ufcstats.com/event-details/65ddc8a9ac4e8531
"January 22, 2011","Killeen, Texas, USA","3,200",UFC Fight Night: Fight for the Troops 2,http://www.ufcstats.com/event-details/282fa667ff9c51ed
"January 01, 2011","Las Vegas, Nevada, USA","12,874",UFC 125: Resolution,http://www.ufcstats.com/event-details/d1152823307d7e7c
"December 11, 2010","Montreal, Quebec, Canada","23,152",UFC 124: St-Pierre vs Koscheck 2,http://www.ufcstats.com/event-details/132f860d02953f4c
"December 04, 2010","Las Vegas, Nevada, USA","1,903",The Ultimate Fighter: Team GSP vs Team Koscheck Finale,http://www.ufcstats.com/event-details/5d7bdab5e03e3216
"November 20, 2010","Auburn Hills, Michigan, USA","16,404",UFC 123: Rampage vs Machida,http://www.ufcstats.com/event-details/dd992d569aaebee6
"November 13, 2010","Oberhausen, North Rhine-Westphalia, Germany","8,421",UFC 122: Marquardt vs Okami,http://www.ufcstats.com/event-details/0ff11cc094e887bc
"October 23, 2010","Anaheim, California, USA","14,856",UFC 121: Lesnar vs Velasquez,http://www.ufcstats.com/event-details/afdb76fbd86f6d11
"October 16, 2010","London, England, United Kingdom","17,133",UFC 120: Bisping vs Akiyama,http://www.ufcstats.com/event-details/d512d9f204059f57
"September 25, 2010","Indianapolis, Indiana, USA","15,811",UFC 119: Mir vs Cro Cop,http://www.ufcstats.com/event-details/ad32471f01e7b1a5
"September 15, 2010","Austin, Texas, USA","7,724",UFC Fight Night: Marquardt vs Palhares,http://www.ufcstats.com/event-details/acff437707625fc7
"August 28, 2010","Boston, Massachusetts, USA","14,168",UFC 118: Edgar vs Penn 2,http://www.ufcstats.com/event-details/054defd5420a551f
"August 07, 2010","Oakland, California, USA","12,971",UFC 117: Silva vs Sonnen,http://www.ufcstats.com/event-details/2f3f12002564bb55
"August 01, 2010","San Diego, California, USA","8,132",UFC Live: Jones vs Matyushenko,http://www.ufcstats.com/event-details/f12f979b657ab876
"July 03, 2010","Las Vegas, Nevada, USA","12,740",UFC 116: Lesnar vs Carwin,http://www.ufcstats.com/event-details/140745cbbcb023ac
"June 19, 2010","Las Vegas, Nevada, USA","1,889",The Ultimate Fighter: Team Liddell vs Team Ortiz Finale,http://www.ufcstats.com/event-details/9bcf8603ceb25680
"June 12, 2010","Vancouver, British Columbia, Canada","17,669",UFC 115: Liddell vs Franklin,http://www.ufcstats.com/event-details/cfb65863d5099327
"May 29, 2010","Las Vegas, Nevada, USA","14,996",UFC 114: Rampage vs Evans,http://www.ufcstats.com/event-details/bfc2fc38a0e20211
"May 08, 2010","Montreal, Quebec, Canada","17,647",UFC 113: Machida vs Shogun 2,http://www.ufcstats.com/event-details/d0c29452d3272603
"April 10, 2010","Abu Dhabi, United Arab Emirates","11,008",UFC 112: Invincible,http://www.ufcstats.com/event-details/24b033b3daf1c9df
"March 31, 2010","Charlotte, North Carolina, USA","7,700",UFC Fight Night: Florian vs Gomi,http://www.ufcstats.com/event-details/3ed134d85dfbd7b4
"March 27, 2010","Newark, New Jersey, USA","17,000",UFC 111: St-Pierre vs Hardy,http://www.ufcstats.com/event-details/c80095f6092271a7
"March 21, 2010","Broomfield, Colorado, USA","6,443",UFC Live: Vera vs Jones,http://www.ufcstats.com/event-details/3795fca327cbcf23
"February 20, 2010","Sydney, New South Wales, Australia","17,831",UFC 110: Nogueira vs Velasquez,http://www.ufcstats.com/event-details/49efbdc6c9f650c4
"February 06, 2010","Las Vegas, Nevada, USA","10,687",UFC 109: Relentless,http://www.ufcstats.com/event-details/15edcf67ccf5be84
"January 11, 2010","Fairfax, Virginia, USA","8,078",UFC Fight Night: Maynard vs Diaz,http://www.ufcstats.com/event-details/58bc81376286b3d3
"January 02, 2010","Las Vegas, Nevada, USA","13,255",UFC 108: Evans vs Silva,http://www.ufcstats.com/event-details/a6d8bfe9e0c8153b
"December 12, 2009","Memphis, Tennessee, USA","13,896",UFC 107: Penn vs Sanchez,http://www.ufcstats.com/event-details/821cd80aab70d5f9
"December 05, 2009","Las Vegas, Nevada, USA","1,791",The Ultimate Fighter: Heavyweights Finale,http://www.ufcstats.com/event-details/91d73ee59347ac16
"November 21, 2009","Las Vegas, Nevada, USA","10,529",UFC 106: Ortiz vs Griffin 2,http://www.ufcstats.com/event-details/84a067c46306a737
"November 14, 2009","Manchester, England, United Kingdom","16,693",UFC 105: Couture vs Vera,http://www.ufcstats.com/event-details/fa8b9e6b0c2269f8
"October 24, 2009","Los Angeles, California, USA","14,892",UFC 104: Machida vs Shogun,http://www.ufcstats.com/event-details/7c0847d3854a95f2
"September 19, 2009","Dallas, Texas, USA","17,428",UFC 103: Franklin vs Belfort,http://www.ufcstats.com/event-details/896c322f56b8be5a
"September 16, 2009","Oklahoma City, Oklahoma, USA","9,490",UFC Fight Night: Diaz vs Guillard,http://www.ufcstats.com/event-details/a8ea84cbe1655f0a
"August 29, 2009","Portland, Oregon, USA","16,088",UFC 102: Couture vs Nogueira,http://www.ufcstats.com/event-details/c6a33ff198aaaeeb
"August 08, 2009","Philadelphia, Pennsylvania, USA","17,411",UFC 101: Declaration,http://www.ufcstats.com/event-details/48d1f690b763934c
"July 11, 2009","Las Vegas, Nevada, USA","10,871",UFC 100,http://www.ufcstats.com/event-details/0ee783aa00e468f0
"June 20, 2009","Las Vegas, Nevada, USA","2,217",The Ultimate Fighter: United States vs. United Kingdom Finale,http://www.ufcstats.com/event-details/4908c5ee68a50ee5
"June 13, 2009","Cologne, North Rhine-Westphalia, Germany","12,800",UFC 99: The Comeback,http://www.ufcstats.com/event-details/cb6783c39c01d896
"May 23, 2009","Las Vegas, Nevada, USA","12,606",UFC 98: Evans vs Machida,http://www.ufcstats.com/event-details/c4b6099f0d25f75e
"April 18, 2009","Montreal, Quebec, Canada","21,451",UFC 97: Redemption,http://www.ufcstats.com/event-details/1652f3213655b935
"April 01, 2009","Nashville, Tennessee, USA","10,267",UFC Fight Night: Condit vs Kampmann,http://www.ufcstats.com/event-details/04d5718ed2661e8c
"March 07, 2009","Columbus, Ohio, USA","17,033",UFC 96: Jackson vs Jardine,http://www.ufcstats.com/event-details/29b5791e51e7e832
"February 21, 2009","London, England, United Kingdom","13,268",UFC 95: Sanchez vs Stevenson,http://www.ufcstats.com/event-details/7d21de9c6d7c98b2
"February 07, 2009","Tampa, Florida, USA","7,596",UFC Fight Night: Lauzon vs Stephens,http://www.ufcstats.com/event-details/d1759b2b7be9be56
"January 31, 2009","Las Vegas, Nevada, USA","14,885",UFC 94: St-Pierre vs Penn 2,http://www.ufcstats.com/event-details/2a542ee8a8b83559
"January 17, 2009","Dublin, Leinster, Ireland","9,345",UFC 93: Franklin vs Henderson,http://www.ufcstats.com/event-details/68c6cd5287b473a7
"December 27, 2008","Las Vegas, Nevada, USA","14,166",UFC 92: The Ultimate 2008,http://www.ufcstats.com/event-details/23ab42947c1990e3
"December 13, 2008","Las Vegas, Nevada, USA","1,853",The Ultimate Fighter: Team Nogueira vs. Team Mir Finale,http://www.ufcstats.com/event-details/ea398c802d9998ee
"December 10, 2008","Fayetteville, North Carolina, USA","10,000",UFC Fight Night - Fight for the Troops,http://www.ufcstats.com/event-details/30cd319d39ee689b
"November 15, 2008","Las Vegas, Nevada, USA","14,272",UFC 91: Couture vs Lesnar,http://www.ufcstats.com/event-details/a2b06ca02bca14c0
"October 25, 2008","Rosemont, Illinois, USA","15,539",UFC 90: Silva vs Cote,http://www.ufcstats.com/event-details/c670aa48827d6be6
"October 18, 2008","Birmingham, England, United Kingdom","9,512",UFC 89: Bisping vs Leben,http://www.ufcstats.com/event-details/312f47c3d2f83ffa
"September 17, 2008","Omaha, Nebraska, USA","7,000",UFC Fight Night: Diaz vs Neer,http://www.ufcstats.com/event-details/279093302a6f44b3
"September 06, 2008","Atlanta, Georgia, USA","14,736",UFC 88: Breakthrough,http://www.ufcstats.com/event-details/0db70ca89e1c7374
"August 09, 2008","Minneapolis, Minnesota, USA","15,082",UFC 87: Seek And Destroy,http://www.ufcstats.com/event-details/19ffeb5e3fffd6d5
"July 19, 2008","Las Vegas, Nevada, USA","2,071",UFC: Silva vs Irvin,http://www.ufcstats.com/event-details/46f11d15c0134fe3
"July 05, 2008","Las Vegas, Nevada, USA","10,990",UFC 86: Jackson vs Griffin,http://www.ufcstats.com/event-details/bf12aca029bfcc47
"June 21, 2008","Las Vegas, Nevada, USA","2,140",The Ultimate Fighter: Team Rampage vs Team Forrest Finale,http://www.ufcstats.com/event-details/2299605af59fd309
"June 07, 2008","London, England, United Kingdom","15,327",UFC 85: Bedlam,http://www.ufcstats.com/event-details/2efbc83a6b9b7f86
"May 24, 2008","Las Vegas, Nevada, USA","14,773",UFC 84: Ill Will,http://www.ufcstats.com/event-details/2549d63da9c456cb
"April 19, 2008","Montreal, Quebec, Canada","21,390",UFC 83: Serra vs St-Pierre 2,http://www.ufcstats.com/event-details/ad047e3073a775f3
"April 02, 2008","Broomfield, Colorado, USA","7,000",UFC Fight Night: Florian vs Lauzon,http://www.ufcstats.com/event-details/b9e871af730f826c
"March 01, 2008","Columbus, Ohio, USA","16,326",UFC 82: Pride of a Champion,http://www.ufcstats.com/event-details/598a58db87b890ee
"February 02, 2008","Las Vegas, Nevada, USA","10,681",UFC 81: Breaking Point,http://www.ufcstats.com/event-details/597db668b01c442c
"January 23, 2008","Las Vegas, Nevada, USA","2,471",UFC Fight Night: Swick vs Burkman,http://www.ufcstats.com/event-details/33e33d51f289d2a1
"January 19, 2008","Newcastle, England, United Kingdom","8,214",UFC 80: Rapid Fire,http://www.ufcstats.com/event-details/a24e080000fa7a35
"December 29, 2007","Las Vegas, Nevada, USA","11,075",UFC 79: Nemesis,http://www.ufcstats.com/event-details/7269329bd87eb479
"December 08, 2007","Las Vegas, Nevada, USA","2,449",The Ultimate Fighter: Team Hughes vs. Team Serra Finale,http://www.ufcstats.com/event-details/df85d6ec3493d120
"November 17, 2007","Newark, New Jersey, USA","14,071",UFC 78: Validation,http://www.ufcstats.com/event-details/1d147d4163a6989b
"October 20, 2007","Cincinnati, Ohio, USA","16,054",UFC 77: Hostile Territory,http://www.ufcstats.com/event-details/91181b29be041f1c
"September 22, 2007","Anaheim, California, USA","14,087",UFC 76: Knockout,http://www.ufcstats.com/event-details/bad28b7b34f334de
"September 19, 2007","Las Vegas, Nevada, USA","1,678",UFC Fight Night: Thomas vs Florian,http://www.ufcstats.com/event-details/f341f9551ba744e2
"September 08, 2007","London, England, United Kingdom","16,235",UFC 75: Champion vs Champion,http://www.ufcstats.com/event-details/0aa92558424ced9e
"August 25, 2007","Las Vegas, Nevada, USA","11,065",UFC 74: Respect,http://www.ufcstats.com/event-details/a5c53b3ddb31cc7d
"July 07, 2007","Sacramento, California, USA","14,371",UFC 73: Stacked,http://www.ufcstats.com/event-details/2a6f8136da1e52c0
"June 23, 2007","Las Vegas, Nevada, USA","3,000",The Ultimate Fighter: Team Pulver vs. Team Penn Finale,http://www.ufcstats.com/event-details/e7ec11096eac0282
"June 16, 2007","Belfast, Northern Ireland, United Kingdom","9,000",UFC 72: Victory,http://www.ufcstats.com/event-details/5ca158b1cc9cb242
"June 12, 2007","Hollywood, Florida, USA","5,100",UFC Fight Night: Stout vs Fisher,http://www.ufcstats.com/event-details/304fcd812f12c589
"May 26, 2007","Las Vegas, Nevada, USA","14,727",UFC 71: Liddell vs Jackson,http://www.ufcstats.com/event-details/2e04a3b4a2011b97
"April 21, 2007","Manchester, England, United Kingdom","15,114",UFC 70: Nations Collide,http://www.ufcstats.com/event-details/4604ab1de9058474
"April 07, 2007","Houston, Texas, USA","15,269",UFC 69: Shootout,http://www.ufcstats.com/event-details/c1684f00c626f4c0
"April 05, 2007","Las Vegas, Nevada, USA","1,734",UFC Fight Night: Stevenson vs Guillard,http://www.ufcstats.com/event-details/a6c2f5381d575920
"March 03, 2007","Columbus, Ohio, USA","19,079",UFC 68: The Uprising,http://www.ufcstats.com/event-details/de3ed2e152520c8d
"February 03, 2007","Las Vegas, Nevada, USA","10,787",UFC 67: All or Nothing,http://www.ufcstats.com/event-details/63b65af1c5cb02cb
"January 25, 2007","Hollywood, Florida, USA","5,287",UFC Fight Night: Evans vs Salmon,http://www.ufcstats.com/event-details/13c4313ed0f744f3
"December 30, 2006","Las Vegas, Nevada, USA","13,761",UFC 66: Liddell vs Ortiz 2,http://www.ufcstats.com/event-details/ee5df903f80c6816
"December 13, 2006","San Diego, California, USA","3,000",UFC Fight Night: Sanchez vs Riggs,http://www.ufcstats.com/event-details/21b8a0f5c231096f
"November 18, 2006","Sacramento, California, USA","14,666",UFC 65: Bad Intentions,http://www.ufcstats.com/event-details/3fed746acfd026dd
"November 11, 2006","Las Vegas, Nevada, USA",962,The Ultimate Fighter: The Comeback Finale,http://www.ufcstats.com/event-details/baf942f4bcb09894
"October 14, 2006","Las Vegas, Nevada, USA","10,773",UFC 64: Unstoppable,http://www.ufcstats.com/event-details/13b2f59210dda9cc
"October 10, 2006","Hollywood, Florida, USA",,Ortiz vs Shamrock 3: The Final Chapter,http://www.ufcstats.com/event-details/577ec7e108b94be3
"September 23, 2006","Anaheim, California, USA","12,604",UFC 63: Hughes vs Penn,http://www.ufcstats.com/event-details/13e62d766b709aa6
"August 26, 2006","Las Vegas, Nevada, USA","10,503",UFC 62: Liddell vs Sobral,http://www.ufcstats.com/event-details/f717b6002486f73f
"August 17, 2006","Las Vegas, Nevada, USA","1,412",UFC Fight Night 6,http://www.ufcstats.com/event-details/46c8ec317aff28ac
"July 08, 2006","Las Vegas, Nevada, USA","11,173",UFC 61: Bitter Rivals,http://www.ufcstats.com/event-details/f70144caea5c4c80
"June 28, 2006","Las Vegas, Nevada, USA",594,UFC Fight Night 5,http://www.ufcstats.com/event-details/445a98acb8985970
"June 24, 2006","Las Vegas, Nevada, USA",949,The Ultimate Fighter: Team Ortiz vs. Team Shamrock Finale,http://www.ufcstats.com/event-details/1dab0d1d81dd06db
"May 27, 2006","Los Angeles, California, USA","14,765",UFC 60: Hughes vs Gracie,http://www.ufcstats.com/event-details/a54a35a670d8e852
"April 15, 2006","Anaheim, California, USA","13,814",UFC 59: Reality Check,http://www.ufcstats.com/event-details/03688dc3c3af3ac1
"April 06, 2006","Las Vegas, Nevada, USA",943,UFC Fight Night 4,http://www.ufcstats.com/event-details/b361180739bed4b0
"March 04, 2006","Las Vegas, Nevada, USA","10,091",UFC 58: USA vs Canada,http://www.ufcstats.com/event-details/0e9869d712e81f8f
"February 04, 2006","Las Vegas, Nevada, USA","11,183",UFC 57: Liddell vs Couture 3,http://www.ufcstats.com/event-details/977081bc01197656
"January 16, 2006","Las Vegas, Nevada, USA","1,500",UFC Fight Night 3,http://www.ufcstats.com/event-details/2ee09ec2a0695eb9
"November 19, 2005","Las Vegas, Nevada, USA","11,926",UFC 56: Full Force,http://www.ufcstats.com/event-details/c7e9d15cfce52f1d
"November 05, 2005","Las Vegas, Nevada, USA","1,234",The Ultimate Fighter: Team Hughes vs. Team Franklin Finale,http://www.ufcstats.com/event-details/31ceaf0e670c1578
"October 07, 2005","Uncasville, Connecticut, USA","6,000",UFC 55: Fury,http://www.ufcstats.com/event-details/271fe91f4ba9d2c5
"October 03, 2005","Las Vegas, Nevada, USA",911,UFC Fight Night 2,http://www.ufcstats.com/event-details/efaf544314bb5c2e
"August 20, 2005","Las Vegas, Nevada, USA","13,520",UFC 54: Boiling Point,http://www.ufcstats.com/event-details/669a3cb6e394f515
"August 06, 2005","Las Vegas, Nevada, USA","2,956",UFC Fight Night 1,http://www.ufcstats.com/event-details/3f24c96753dbd9f9
"June 04, 2005","Atlantic City, New Jersey, USA","12,000",UFC 53: Heavy Hitters,http://www.ufcstats.com/event-details/d3711d3784b76255
"April 16, 2005","Las Vegas, Nevada, USA","14,274",UFC 52: Couture vs Liddell 2,http://www.ufcstats.com/event-details/c933d423ebdbbbdb
"April 09, 2005","Las Vegas, Nevada, USA","2,000",The Ultimate Fighter: Team Couture vs. Team Liddell Finale,http://www.ufcstats.com/event-details/fbbde91f7bc2d3c5
"February 05, 2005","Las Vegas, Nevada, USA","11,072",UFC 51: Super Saturday,http://www.ufcstats.com/event-details/85d905f7c4f5a1af
"October 22, 2004","Atlantic City, New Jersey, USA","9,000",UFC 50: The War Of '04,http://www.ufcstats.com/event-details/ce783bf73b5131f9
"August 21, 2004","Las Vegas, Nevada, USA","12,100",UFC 49: Unfinished Business,http://www.ufcstats.com/event-details/b4bc2e3353a770b5
"June 19, 2004","Las Vegas, Nevada, USA","10,000",UFC 48: Payback,http://www.ufcstats.com/event-details/429e7d3725852ce9
"April 02, 2004","Las Vegas, Nevada, USA","11,413",UFC 47: It's On!,http://www.ufcstats.com/event-details/e8fb8e53bc2e29d6
"January 31, 2004","Las Vegas, Nevada, USA","10,620",UFC 46: Supernatural,http://www.ufcstats.com/event-details/94609dd91731d428
"November 21, 2003","Uncasville, Connecticut, USA","9,200",UFC 45: Revolution,http://www.ufcstats.com/event-details/e670f8cc2969a789
"September 26, 2003","Las Vegas, Nevada, USA","10,143",UFC 44: Undisputed,http://www.ufcstats.com/event-details/c61f66d8c3fd5f07
"June 06, 2003","Las Vegas, Nevada, USA","9,464",UFC 43: Meltdown,http://www.ufcstats.com/event-details/108afe61a26bcbf4
"April 25, 2003","Miami, Florida, USA","7,500",UFC 42: Sudden Impact,http://www.ufcstats.com/event-details/ae58685caf8e4a0d
"February 28, 2003","Atlantic City, New Jersey, USA","13,707",UFC 41: Onslaught,http://www.ufcstats.com/event-details/bba678d312590087
"November 22, 2002","Las Vegas, Nevada, USA","13,275",UFC 40: Vendetta,http://www.ufcstats.com/event-details/e06fd1260ac865a7
"September 27, 2002","Uncasville, Connecticut, USA","7,514",UFC 39: The Warriors Return,http://www.ufcstats.com/event-details/0cf935519d439ba6
"July 13, 2002","London, England, United Kingdom","5,000",UFC 38: Brawl at the Hall,http://www.ufcstats.com/event-details/1dc56b59cb28425d
"June 22, 2002","Las Vegas, Nevada, USA","3,958",UFC 37.5: As Real As It Gets,http://www.ufcstats.com/event-details/9ccdd2ce45903f34
"May 10, 2002","Bossier City, Louisiana, USA","7,200",UFC 37: High Impact,http://www.ufcstats.com/event-details/9fd1f08dd4aec14a
"March 22, 2002","Las Vegas, Nevada, USA","10,000",UFC 36: Worlds Collide,http://www.ufcstats.com/event-details/02fc8f50f56eb307
"January 11, 2002","Uncasville, Connecticut, USA","9,600",UFC 35: Throwdown,http://www.ufcstats.com/event-details/946f341df6472ee0
"November 02, 2001","Las Vegas, Nevada, USA","6,116",UFC 34: High Voltage,http://www.ufcstats.com/event-details/4dc496aa0cfc0d95
"September 28, 2001","Las Vegas, Nevada, USA","8,691",UFC 33: Victory in Vegas,http://www.ufcstats.com/event-details/c75b99887c8c3f5a
"June 29, 2001","East Rutherford, New Jersey, USA","11,492",UFC 32: Showdown in the Meadowlands,http://www.ufcstats.com/event-details/7b9aa973e5c04624
"May 04, 2001","Atlantic City, New Jersey, USA","5,000",UFC 31: Locked and Loaded,http://www.ufcstats.com/event-details/20bd6c3e03c46ee6
"February 23, 2001","Atlantic City, New Jersey, USA","5,000",UFC 30: Battle on the Boardwalk,http://www.ufcstats.com/event-details/2b1587a3376ab743
"December 16, 2000","Tokyo, Japan","1,414",UFC 29: Defense of the Belts,http://www.ufcstats.com/event-details/08ae5cd9aef7ddd3
"November 17, 2000","Atlantic City, New Jersey, USA","5,000",UFC 28: High Stakes,http://www.ufcstats.com/event-details/da6dfd09cca1d705
"September 22, 2000","New Orleans, Louisiana, USA","1,000",UFC 27: Ultimate Bad Boyz,http://www.ufcstats.com/event-details/31652c9267606d54
"June 09, 2000","Cedar Rapids, Iowa, USA","1,100",UFC 26: Ultimate Field Of Dreams,http://www.ufcstats.com/event-details/cedfdf8d423d500c
"April 14, 2000","Tokyo, Japan","3,000",UFC 25: Ultimate Japan 3,http://www.ufcstats.com/event-details/d2b1c1317a39f6c6
"March 10, 2000","Lake Charles, Louisiana, USA",,UFC 24: First Defense,http://www.ufcstats.com/event-details/20ec0061400178ca
"November 19, 1999","Chiba, Japan","3,600",UFC 23: Ultimate Japan 2,http://www.ufcstats.com/event-details/a8fa0c4e95512806
"September 24, 1999","Lake Charles, Louisiana, USA","4,000",UFC 22: Only One Can be Champion,http://www.ufcstats.com/event-details/afaad7d6a581e307
"July 16, 1999","Cedar Rapids, Iowa, USA","3,000",UFC 21: Return of the Champions,http://www.ufcstats.com/event-details/1a1a4d7a29041d77
"May 07, 1999","Birmingham, Alabama, USA",,UFC 20: Battle for the Gold,http://www.ufcstats.com/event-details/a7b48e18ca27795d
"March 05, 1999","Bay St. Louis, Mississippi, USA","1,700",UFC 19: Ultimate Young Guns,http://www.ufcstats.com/event-details/a220be6d41d6f97d
"January 08, 1999","New Orleans, Louisiana, USA","3,000",UFC 18: The Road to the Heavyweight Title,http://www.ufcstats.com/event-details/c9bbf1a0285a8076
"October 16, 1998","Sao Paulo, Brazil","8,500",UFC - Ultimate Brazil,http://www.ufcstats.com/event-details/32a3025d5db456ae
"May 15, 1998","Mobile, Alabama, USA","4,200",UFC 17: Redemption,http://www.ufcstats.com/event-details/4a01dc8376736ef5
"March 13, 1998","New Orleans, Louisiana, USA","4,600",UFC 16: Battle in the Bayou,http://www.ufcstats.com/event-details/749685d24e2cac50
"December 21, 1997","Yokohama, Kanagawa, Japan","5,000",UFC - Ultimate Japan,http://www.ufcstats.com/event-details/29f935654825331b
"October 17, 1997","Bay St. Louis, Mississippi, USA","1,500",UFC 15: Collision Course,http://www.ufcstats.com/event-details/07a18ae55dfc3cd9
"July 27, 1997","Birmingham, Alabama, USA","4,800",UFC 14: Showdown,http://www.ufcstats.com/event-details/dc950d59dc590aca
"May 30, 1997","Augusta, Georgia, USA","5,100",UFC 13: The Ultimate Force,http://www.ufcstats.com/event-details/5bd533d50c8e7b8a
"February 07, 1997","Dothan, Alabama, USA","3,100",UFC 12: Judgement Day,http://www.ufcstats.com/event-details/96eff1a628adcc7f
"December 07, 1996","Birmingham, Alabama, USA","3,000",UFC - Ultimate Ultimate '96,http://www.ufcstats.com/event-details/9b5b5a75523728f3
"September 20, 1996","Augusta, Georgia, USA","4,500",UFC 11: The Proving Ground,http://www.ufcstats.com/event-details/6ceff86fae4f6b3b
"July 12, 1996","Birmingham, Alabama, USA","4,300",UFC 10: The Tournament,http://www.ufcstats.com/event-details/aee8eecfc4bfb1e7
"May 17, 1996","Detroit, Michigan, USA","11,200",UFC 9: Motor City Madness,http://www.ufcstats.com/event-details/a390eb8a9b2df298
"February 16, 1996","San Juan, Puerto Rico","5,000",UFC 8: David vs Goliath,http://www.ufcstats.com/event-details/b63e800c18e011b5
"December 16, 1995","Denver, Colorado, USA","2,800",UFC - Ultimate Ultimate '95,http://www.ufcstats.com/event-details/31bbd46d57dfbcb7
"September 08, 1995","Buffalo, New York, USA","9,000",UFC 7: The Brawl in Buffalo,http://www.ufcstats.com/event-details/5af480a3b2e1726b
"July 14, 1995","Casper, Wyoming, USA","2,700",UFC 6: Clash of the Titans,http://www.ufcstats.com/event-details/1c3f5e85b59ec710
"April 07, 1995","Charlotte, North Carolina, USA","6,000",UFC 5: The Return of the Beast,http://www.ufcstats.com/event-details/dedc3bb440d09554
"December 16, 1994","Tulsa, Oklahoma, USA","5,857",UFC 4: Revenge of the Warriors,http://www.ufcstats.com/event-details/b60391da771deefe
"September 09, 1994","Charlotte, North Carolina, USA",,UFC 3: The American Dream,http://www.ufcstats.com/event-details/1a49e0670dfaca31
"March 11, 1994","Denver, Colorado, USA","2,000",UFC 2: No Way Out,http://www.ufcstats.com/event-details/a6a9ab5a824e8f66
"November 12, 1993","Denver, Colorado, USA","2,800",UFC 1: The Beginning,http://www.ufcstats.com/event-details/6420efac0578988b
